Product_ID,Product_Position,product_promotion,Product_Category,Seasonal,Quantity_Sold,brand,url,Stock_number,Product,Price,currency,scraped_at,product_condition,section,Orderdate,total_sales
185102,Aisle,No,Clothing,No,2823,Zara,https://www.zara.com/us/en/basic-puffer-jacket-p06985450.html,272145190-250-2,"BASIC PUFFER JACKET",19.99,USD,45341.36812,jackets,MAN,2025-01-20,56432
188771,Aisle,No,Clothing,No,654,Zara,https://www.zara.com/us/en/tuxedo-jacket-p08896675.html,324052738-800-46,"TUXEDO JACKET",169,USD,45341.36813,jackets,MAN,2024-12-30,110526
180176,End-cap,Yes,Clothing,Yes,2220,Zara,https://www.zara.com/us/en/slim-fit-suit-jacket-p01564520.html,335342680-800-44,"SLIM FIT SUIT JACKET",129,USD,45341.36814,jackets,MAN,2024-11-06,286380
112917,Aisle,Yes,Clothing,Yes,1568,Zara,https://www.zara.com/us/en/stretch-suit-jacket-p01564300.html,328303236-420-44,"STRETCH SUIT JACKET",129,USD,45341.36815,jackets,MAN,2025-01-27,202272
192936,End-cap,No,Clothing,Yes,2942,Zara,https://www.zara.com/us/en/double-faced-jacket-p08281477.html,312368260-800-2,"DOUBLE FACED JACKET",139,USD,45341.36815,jackets,MAN,2025-06-21,408938
117590,End-cap,No,Clothing,No,2968,Zara,https://www.zara.com/us/en/contrasting-collar-jacket-p06987331.html,320298385-807-2,"CONTRASTING COLLAR JACKET",79.9,USD,45341.36816,jackets,MAN,2024-10-26,237143
189118,"Front of Store",Yes,Clothing,Yes,952,Zara,https://www.zara.com/us/en/faux-leather-puffer-jacket-p08281420.html,278112470-800-2,"FAUX LEATHER PUFFER JACKET",69.99,USD,45341.36817,jackets,MAN,2025-05-22,66630
182157,Aisle,No,Clothing,No,2421,Zara,https://www.zara.com/us/en/suit-jacket-in-100-linen-p04307408.html,322972485-431-46,"SUIT JACKET IN 100% LINEN",159,USD,45341.36817,jackets,MAN,2025-01-03,384939
141861,Aisle,Yes,Clothing,Yes,1916,Zara,https://www.zara.com/us/en/100-wool-suit-jacket-p05955218.html,313854165-401-46,"100% WOOL SUIT JACKET",169,USD,45341.36818,jackets,MAN,2025-06-11,323804
137121,Aisle,No,Clothing,Yes,656,Zara,https://www.zara.com/us/en/100-feather-fill-puffer-jacket-p04302305.html,312372602-800-2,"100% FEATHER FILL PUFFER JACKET",169,USD,45341.36819,jackets,MAN,2025-04-21,110864
113143,Aisle,Yes,Clothing,Yes,2663,Zara,https://www.zara.com/us/en/herringbone-textured-jacket-p08491401.html,316207900-710-2,"HERRINGBONE TEXTURED JACKET",129,USD,45341.36819,jackets,MAN,2025-01-04,343527
140028,Aisle,Yes,Clothing,Yes,1260,Zara,https://www.zara.com/us/en/oversized-cropped-jacket-limited-edition-p04304672.html,329186122-800-2,"OVERSIZED CROPPED JACKET LIMITED EDITION",159,USD,45341.3682,jackets,MAN,2024-11-07,200340
134693,Aisle,Yes,Clothing,No,2124,Zara,https://www.zara.com/us/en/leather-biker-jacket-p05833412.html,311297791-800-2,"LEATHER BIKER JACKET",169,USD,45341.36821,jackets,MAN,2025-05-13,358956
151396,"Front of Store",Yes,Clothing,Yes,729,Zara,https://www.zara.com/us/en/cropped-leather-jacket-p02521104.html,323134418-800-3,"CROPPED LEATHER JACKET",439,USD,45341.36821,jackets,MAN,2025-04-17,320031
132889,Aisle,Yes,Clothing,Yes,2265,Zara,https://www.zara.com/us/en/faux-leather-boxy-fit-jacket-p08281654.html,311297555-706-2,"FAUX LEATHER BOXY FIT JACKET",99.9,USD,45341.36822,jackets,MAN,2025-02-17,226274
152174,End-cap,No,Clothing,No,2226,Zara,https://www.zara.com/us/en/faux-leather-jacket-p03427320.html,317012940-800-2,"FAUX LEATHER JACKET",99.9,USD,45341.36823,jackets,MAN,2024-11-09,222377
129906,Aisle,No,Clothing,No,2089,Zara,https://www.zara.com/us/en/faux-suede-bomber-jacket-p06318600.html,311292672-800-2,"FAUX SUEDE BOMBER JACKET",69.9,USD,45341.36823,jackets,MAN,2024-09-26,146021
195879,"Front of Store",Yes,Clothing,Yes,2339,Zara,https://www.zara.com/us/en/denim-bomber-jacket-p00621400.html,321496837-400-3,"DENIM BOMBER JACKET",129,USD,45341.36824,jackets,MAN,2024-10-31,301731
155050,Aisle,No,Clothing,Yes,2321,Zara,https://www.zara.com/us/en/boucle-textured-jacket-p08491402.html,316205038-615-2,"BOUCLÃƒâ€° TEXTURED JACKET",129,USD,45341.36825,jackets,MAN,2024-08-18,299409
194410,End-cap,No,Clothing,No,669,Zara,https://www.zara.com/us/en/suit-jacket-in-100-linen-p04307443.html,322972473-052-46,"SUIT JACKET IN 100% LINEN",159,USD,45341.36825,jackets,MAN,2024-11-21,106371
141904,End-cap,Yes,Clothing,Yes,1712,Zara,https://www.zara.com/us/en/jacquard-denim-jacket-p07627402.html,313845662-400-3,"JACQUARD DENIM JACKET",109,USD,45341.36826,jackets,MAN,2025-03-19,186608
124981,"Front of Store",No,Clothing,Yes,1832,Zara,https://www.zara.com/us/en/padded-denim-jacket-p01538413.html,320264577-800-2,"PADDED DENIM JACKET",89.9,USD,45341.36827,jackets,MAN,2024-12-09,164697
161909,Aisle,Yes,Clothing,No,1290,Zara,https://www.zara.com/us/en/leather-jacket-p05479400.html,315529534-705-3,"LEATHER JACKET",299,USD,45341.36827,jackets,MAN,2025-01-26,385710
129152,End-cap,No,Clothing,No,2356,Zara,https://www.zara.com/us/en/lightweight-bomber-jacket-p08281315.html,320423517-800-2,"LIGHTWEIGHT BOMBER JACKET",49.9,USD,45341.36828,jackets,MAN,2025-06-11,117564
183243,"Front of Store",Yes,Clothing,No,1524,Zara,https://www.zara.com/us/en/suit-jacket-p04303266.html,328250627-251-46,"SUIT JACKET",169,USD,45341.36829,jackets,MAN,2025-01-05,257556
198248,"Front of Store",Yes,Clothing,No,1644,Zara,https://www.zara.com/us/en/faux-leather-bomber-jacket-p03918420.html,311309526-800-2,"FAUX LEATHER BOMBER JACKET",69.9,USD,45341.36829,jackets,MAN,2024-08-06,114916
191230,End-cap,No,Clothing,No,966,Zara,https://www.zara.com/us/en/patch-bomber-jacket-p03918330.html,311287528-811-2,"PATCH BOMBER JACKET",89.9,USD,45341.3683,jackets,MAN,2024-08-07,86843
187234,"Front of Store",Yes,Clothing,Yes,2575,Zara,https://www.zara.com/us/en/stretch-pocket-overshirt-p07484478.html,342657802-914-2,"STRETCH POCKET OVERSHIRT",59.9,USD,45341.36831,jackets,MAN,2025-04-09,154242
148888,"Front of Store",No,Clothing,No,2774,Zara,https://www.zara.com/us/en/rib-collar-jacket-p08281410.html,316207898-712-2,"RIB COLLAR JACKET",109,USD,45341.36831,jackets,MAN,2025-02-06,302366
110805,"Front of Store",Yes,Clothing,No,2477,Zara,https://www.zara.com/us/en/faux-leather-oversized-jacket-limited-edition-p07380310.html,321496761-800-2,"FAUX LEATHER OVERSIZED JACKET LIMITED EDITION",159,USD,45341.36832,jackets,MAN,2024-12-19,393843
179801,"Front of Store",No,Clothing,Yes,2608,Zara,https://www.zara.com/us/en/contrasting-patches-bomber-jacket-p06318411.html,311307255-800-2,"CONTRASTING PATCHES BOMBER JACKET",129,USD,45341.36833,jackets,MAN,2025-03-16,336432
134927,Aisle,Yes,Clothing,Yes,2252,Zara,https://www.zara.com/us/en/patch-bomber-jacket-p03833404.html,317129011-500-2,"PATCH BOMBER JACKET",129,USD,45341.36833,jackets,MAN,2025-05-28,290508
123150,End-cap,Yes,Clothing,No,2074,Zara,https://www.zara.com/us/en/cropped-bomber-jacket-limited-edition-p08281600.html,330274270-800-2,"CROPPED BOMBER JACKET LIMITED EDITION",129,USD,45341.36834,jackets,MAN,2024-11-30,267546
159145,End-cap,Yes,Clothing,No,2579,Zara,https://www.zara.com/us/en/faux-leather-puffer-jacket-p03833302.html,311297855-800-2,"FAUX LEATHER PUFFER JACKET",109,USD,45341.36835,jackets,MAN,2024-09-08,281111
172364,Aisle,Yes,Clothing,No,2931,Zara,https://www.zara.com/us/en/faux-leather-bomber-jacket-p08281667.html,317782474-800-2,"FAUX LEATHER BOMBER JACKET",109,USD,45341.36836,jackets,MAN,2024-07-12,319479
178281,End-cap,No,Clothing,Yes,1145,Zara,https://www.zara.com/us/en/bomber-jacket-p06318502.html,315758723-401-2,"BOMBER JACKET",109,USD,45341.36837,jackets,MAN,2025-02-24,124805
194339,End-cap,No,Clothing,No,1792,Zara,https://www.zara.com/us/en/faux-suede-jacket-p08281652.html,311302863-800-2,"FAUX SUEDE JACKET",89.9,USD,45341.36838,jackets,MAN,2024-11-13,161101
174412,Aisle,No,Clothing,Yes,1796,Zara,https://www.zara.com/us/en/faux-suede-bomber-jacket-p08574500.html,311282759-806-2,"FAUX SUEDE BOMBER JACKET",69.9,USD,45341.36839,jackets,MAN,2024-11-08,125540
114877,Aisle,No,Clothing,No,1860,Zara,https://www.zara.com/us/en/suede-jacket-p02521102.html,323134415-700-3,"SUEDE JACKET",349,USD,45341.3684,jackets,MAN,2024-07-24,649140
140727,End-cap,Yes,Clothing,Yes,1002,Zara,https://www.zara.com/us/en/contrasting-collar-jacket-p01538369.html,312372582-526-2,"CONTRASTING COLLAR JACKET",79.9,USD,45341.36841,jackets,MAN,2025-06-12,80060
133109,"Front of Store",No,Clothing,Yes,2063,Zara,https://www.zara.com/us/en/textured-jacket-p04302457.html,321143726-712-2,"TEXTURED JACKET",79.9,USD,45341.36842,jackets,MAN,2024-12-23,164834
127296,Aisle,No,Clothing,No,1165,Zara,https://www.zara.com/us/en/cropped-textured-jacket-p01538410.html,320220949-507-2,"CROPPED TEXTURED JACKET",89.9,USD,45341.36843,jackets,MAN,2025-04-28,104734
133757,Aisle,Yes,Clothing,No,2071,Zara,https://www.zara.com/us/en/pocket-puffer-jacket-p08281439.html,312664937-514-2,"POCKET PUFFER JACKET",129,USD,45341.36843,jackets,MAN,2024-12-14,267159
111760,End-cap,No,Clothing,No,1474,Zara,https://www.zara.com/us/en/technical-jacket-with-pockets-p03286501.html,321143723-401-2,"TECHNICAL JACKET WITH POCKETS",109,USD,45341.36844,jackets,MAN,2024-11-07,160666
198375,End-cap,No,Clothing,No,2202,Zara,https://www.zara.com/us/en/faux-leather-jacket-p08281345.html,311297763-800-2,"FAUX LEATHER JACKET",69.9,USD,45341.36845,jackets,MAN,2024-08-07,153920
168837,Aisle,No,Clothing,No,665,Zara,https://www.zara.com/us/en/faux-suede-jacket-p03548689.html,311292194-731-2,"FAUX SUEDE JACKET",89.9,USD,45341.36845,jackets,MAN,2025-04-09,59784
138505,"Front of Store",No,Clothing,No,2478,Zara,https://www.zara.com/us/en/ripped-denim-jacket-p01538470.html,335663355-406-2,"RIPPED DENIM JACKET",69.9,USD,45341.36846,jackets,MAN,2025-01-03,173212
116228,End-cap,Yes,Clothing,No,647,Zara,https://www.zara.com/us/en/textured-pocket-jacket-p03918500.html,312363708-800-2,"TEXTURED POCKET JACKET",89.9,USD,45341.36847,jackets,MAN,2025-05-31,58165
167592,"Front of Store",Yes,Clothing,No,707,Zara,https://www.zara.com/us/en/faux-suede-patch-jacket-p08281357.html,312320664-251-2,"FAUX SUEDE PATCH JACKET",89.9,USD,45341.36848,jackets,MAN,2024-10-08,63559
133100,End-cap,Yes,Clothing,No,2729,Zara,https://www.zara.com/us/en/puffer-jacket-with-pouch-pocket-p00155401.html,311302445-445-97,"PUFFER JACKET WITH POUCH POCKET",89.9,USD,45341.36849,jackets,MAN,2024-10-24,245337
119955,"Front of Store",No,Clothing,No,1590,Zara,https://www.zara.com/us/en/bomber-jacket-p05039440.html,323216370-422-97,"BOMBER JACKET",89.9,USD,45341.3685,jackets,MAN,2024-12-07,142941
189349,End-cap,Yes,Clothing,No,1245,Zara,https://www.zara.com/us/en/textured-weave-overshirt-p01608101.html,317107014-707-2,"TEXTURED WEAVE OVERSHIRT",89.9,USD,45341.3685,jackets,MAN,2025-04-10,111926
127478,"Front of Store",No,Clothing,Yes,2498,Zara,https://www.zara.com/us/en/straight-suit-jacket-p04143291.html,328594167-800-46,"STRAIGHT SUIT JACKET",129,USD,45341.36851,jackets,MAN,2025-06-05,322242
180661,"Front of Store",No,Clothing,Yes,1041,Zara,https://www.zara.com/us/en/hooded-quilted-jacket-p00029501.html,311309598-711-2,"HOODED QUILTED JACKET",129,USD,45341.36851,jackets,MAN,2024-09-07,134289
186681,End-cap,No,Clothing,Yes,1717,Zara,https://www.zara.com/us/en/lightweight-puffer-jacket-p04302520.html,267133943-711-2,"LIGHTWEIGHT PUFFER JACKET",19.99,USD,45341.36852,jackets,MAN,2024-09-01,34323
133183,"Front of Store",Yes,Clothing,Yes,2859,Zara,https://www.zara.com/us/en/cotton-blend-bomber-jacket-p06518350.html,318265017-401-2,"COTTON BLEND BOMBER JACKET",89.9,USD,45341.36853,jackets,MAN,2025-04-21,257024
173508,Aisle,Yes,Clothing,No,1658,Zara,https://www.zara.com/us/en/pocket-jacket-p06318507.html,322410604-401-2,"POCKET JACKET",129,USD,45341.36854,jackets,MAN,2024-09-10,213882
187930,End-cap,No,Clothing,Yes,706,Zara,https://www.zara.com/us/en/oversized-bomber-jacket-p08281311.html,324149982-982-2,"OVERSIZED BOMBER JACKET",89.9,USD,45341.36854,jackets,MAN,2024-11-18,63469
124088,End-cap,Yes,Clothing,Yes,2065,Zara,https://www.zara.com/us/en/embroidered-patch-jacket-p05320345.html,320531693-707-2,"EMBROIDERED PATCH JACKET",79.9,USD,45341.36855,jackets,MAN,2025-05-27,164994
190238,"Front of Store",No,Clothing,Yes,1917,Zara,https://www.zara.com/us/en/acid-wash-denim-jacket-p06688401.html,328279967-409-3,"ACID WASH DENIM JACKET",89.9,USD,45341.36855,jackets,MAN,2025-06-04,172338
151925,End-cap,Yes,Clothing,Yes,2179,Zara,https://www.zara.com/us/en/vintage-effect-leather-bomber-jacket-p02521300.html,320774184-800-97,"VINTAGE EFFECT LEATHER BOMBER JACKET",299,USD,45341.36856,jackets,MAN,2024-09-26,651521
163234,"Front of Store",No,Clothing,No,1633,Zara,https://www.zara.com/us/en/textured-denim-jacket-limited-edition-p01538430.html,322972491-800-2,"TEXTURED DENIM JACKET LIMITED EDITION",89.9,USD,45341.36857,jackets,MAN,2025-04-01,146807
135610,Aisle,Yes,Clothing,Yes,1513,Zara,https://www.zara.com/us/en/wool-blend-jacket-p09621448.html,321501682-800-2,"WOOL BLEND JACKET",109,USD,45341.36858,jackets,MAN,2025-02-19,164917
117065,Aisle,Yes,Clothing,Yes,758,Zara,https://www.zara.com/us/en/cotton---linen-blend-jacket-p00706103.html,328616906-712-2,"COTTON - LINEN BLEND JACKET",109,USD,45341.36859,jackets,MAN,2024-09-30,82622
149315,End-cap,Yes,Clothing,No,718,Zara,https://www.zara.com/us/en/fleece-bomber-jacket-p08281405.html,311292541-802-2,"FLEECE BOMBER JACKET",109,USD,45341.36859,jackets,MAN,2025-01-01,78262
149510,Aisle,No,Clothing,Yes,1412,Zara,https://www.zara.com/us/en/zippered-jacket-p04087418.html,319205114-807-2,"ZIPPERED JACKET",59.9,USD,45341.3686,jackets,MAN,2025-05-15,84579
137990,Aisle,No,Clothing,No,2929,Zara,https://www.zara.com/us/en/cotton-jacket-p00706301.html,276213846-500-2,"COTTON JACKET",29.99,USD,45341.36863,jackets,MAN,2024-09-21,87841
154016,End-cap,Yes,Clothing,Yes,2366,Zara,https://www.zara.com/us/en/wool-blend-textured-jacket-p04296310.html,328244979-064-48,"WOOL BLEND TEXTURED JACKET",189,USD,45341.36862,jackets,MAN,2025-05-31,447174
117751,Aisle,No,Clothing,No,2749,Zara,https://www.zara.com/us/en/contrast-jacquard-jacket-p04087423.html,323050745-798-97,"CONTRAST JACQUARD JACKET",89.9,USD,45341.36865,jackets,MAN,2024-11-26,247135
182362,"Front of Store",No,Clothing,No,2019,Zara,https://www.zara.com/us/en/cropped-overshirt-p04432403.html,319166635-401-2,"CROPPED OVERSHIRT",69.9,USD,45341.36865,jackets,MAN,2025-01-25,141128
117725,Aisle,No,Clothing,Yes,1506,Zara,https://www.zara.com/us/en/contrasting-patches-hooded-jacket-p03833400.html,311297489-800-2,"CONTRASTING PATCHES HOODED JACKET",109,USD,45341.36866,jackets,MAN,2024-12-01,164154
145289,End-cap,No,Clothing,No,1012,Zara,https://www.zara.com/us/en/utility-pocket-jacket-p05520451.html,311292073-709-2,"UTILITY POCKET JACKET",109,USD,45341.36867,jackets,MAN,2025-05-10,110308
173576,End-cap,Yes,Clothing,No,1838,Zara,https://www.zara.com/us/en/-p04310461.html,336378923-700-2,,129,USD,45341.36869,jackets,MAN,2024-08-27,237102
175059,Aisle,Yes,Clothing,No,2170,Zara,https://www.zara.com/us/en/lightweight-bomber-jacket-p04302404.html,311292572-401-2,"LIGHTWEIGHT BOMBER JACKET",49.9,USD,45341.36869,jackets,MAN,2024-08-17,108283
199368,"Front of Store",No,Clothing,Yes,1061,Zara,https://www.zara.com/us/en/wool-blend-jacket-p05854654.html,336821611-706-2,"WOOL BLEND JACKET",139,USD,45341.3687,jackets,MAN,2025-02-18,147479
162883,"Front of Store",Yes,Clothing,No,786,Zara,https://www.zara.com/us/en/technical-padded-jacket-p06518501.html,311307584-518-2,"TECHNICAL PADDED JACKET",139,USD,45341.3687,jackets,MAN,2024-11-06,109254
135490,"Front of Store",No,Clothing,No,1094,Zara,https://www.zara.com/us/en/mixed-collar-waxed-jacket-p06861405.html,321151893-609-2,"MIXED COLLAR WAXED JACKET",139,USD,45341.36871,jackets,MAN,2024-09-18,152066
125408,End-cap,Yes,Clothing,Yes,2220,Zara,https://www.zara.com/us/en/contrasting-patches-bomber-jacket-p03833401.html,311297509-800-2,"CONTRASTING PATCHES BOMBER JACKET",89.9,USD,45341.36871,jackets,MAN,2025-03-11,199578
134763,"Front of Store",No,Clothing,Yes,2048,Zara,https://www.zara.com/us/en/padded-bomber-jacket-p03918620.html,315947178-800-2,"PADDED BOMBER JACKET",89.9,USD,45341.36872,jackets,MAN,2024-08-18,184115
143231,Aisle,No,Clothing,No,2578,Zara,https://www.zara.com/us/en/technical-padded-jacket-p03833311.html,311297745-800-2,"TECHNICAL PADDED JACKET",89.9,USD,45341.36873,jackets,MAN,2025-01-17,231762
125409,End-cap,Yes,Clothing,No,2040,Zara,https://www.zara.com/us/en/pocket-denim-jacket-p00840482.html,330290360-427-3,"POCKET DENIM JACKET",89.9,USD,45341.36873,jackets,MAN,2025-04-30,183396
183074,Aisle,No,Clothing,No,2791,Zara,https://www.zara.com/us/en/boxy-fit-denim-jacket-p00840402.html,320449897-427-2,"BOXY FIT DENIM JACKET",89.9,USD,45341.36874,jackets,MAN,2024-07-08,250911
147947,Aisle,Yes,Clothing,Yes,1249,Zara,https://www.zara.com/us/en/faux-shearling-plaid-jacket-p00993305.html,311297724-700-97,"FAUX SHEARLING PLAID JACKET",89.9,USD,45341.36874,jackets,MAN,2024-12-17,112285
174171,"Front of Store",Yes,Clothing,Yes,2273,Zara,https://www.zara.com/us/en/embroidered-forest-jacket-p02795407.html,328332050-700-97,"EMBROIDERED FOREST JACKET",89.9,USD,45341.36875,jackets,MAN,2024-06-27,204343
183064,"Front of Store",Yes,Clothing,No,1773,Zara,https://www.zara.com/us/en/pocket-overshirt-p05070605.html,311282469-505-2,"POCKET OVERSHIRT",89.9,USD,45341.36876,jackets,MAN,2025-05-12,159393
177131,Aisle,Yes,Clothing,Yes,1733,Zara,https://www.zara.com/us/en/boucle-textured-vest-p01437303.html,319502128-515-2,"BOUCLE TEXTURED VEST",69.9,USD,45341.36876,jackets,MAN,2024-10-12,121137
128179,End-cap,Yes,Clothing,No,2060,Zara,https://www.zara.com/us/en/color-block-puffer-jacket-p08281365.html,311287226-472-2,"COLOR BLOCK PUFFER JACKET",89.9,USD,45341.36879,jackets,MAN,2025-01-31,185194
152723,Aisle,No,Clothing,Yes,2849,Zara,https://www.zara.com/us/en/longline-quilted-jacket-p05071688.html,316683359-818-2,"LONGLINE QUILTED JACKET",169,USD,45341.3688,jackets,MAN,2025-02-14,481481
123824,Aisle,Yes,Clothing,No,2277,Zara,https://www.zara.com/us/en/wool-blend-suit-jacket-p04156504.html,322901350-800-46,"WOOL BLEND SUIT JACKET",169,USD,45341.3688,jackets,MAN,2024-11-27,384813
166345,Aisle,No,Clothing,Yes,1135,Zara,https://www.zara.com/us/en/hooded-knit-cardigan-p02621407.html,322929313-802-97,"HOODED KNIT CARDIGAN",69.9,USD,45341.36881,jackets,MAN,2025-05-02,79336
199279,Aisle,No,Clothing,No,1770,Zara,https://www.zara.com/us/en/hooded-technical-jacket-p01538301.html,267186163-643-2,"HOODED TECHNICAL JACKET",19.99,USD,45341.36881,jackets,MAN,2025-05-02,35382
167981,End-cap,No,Clothing,No,730,Zara,https://www.zara.com/us/en/houndstooth-suit-jacket-p04285498.html,329706743-401-46,"HOUNDSTOOTH SUIT JACKET",139,USD,45341.36882,jackets,MAN,2024-09-09,101470
146839,Aisle,No,Clothing,No,1525,Zara,https://www.zara.com/us/en/bomber-jacket-p05344402.html,321496813-710-2,"BOMBER JACKET",109,USD,45341.36882,jackets,MAN,2025-01-01,166225
187180,"Front of Store",No,Clothing,Yes,647,Zara,https://www.zara.com/us/en/hooded-technical-jacket-p00155502.html,312596416-800-2,"HOODED TECHNICAL JACKET",109,USD,45341.36883,jackets,MAN,2025-05-25,70523
167640,End-cap,Yes,Clothing,Yes,1017,Zara,https://www.zara.com/us/en/hooded-technical-jacket-p08281355.html,311287132-251-2,"HOODED TECHNICAL JACKET",109,USD,45341.36883,jackets,MAN,2024-08-26,110853
165158,"Front of Store",No,Clothing,No,1622,Zara,https://www.zara.com/us/en/washed-effect-bomber-jacket-p08281307.html,323675323-700-2,"WASHED EFFECT BOMBER JACKET",109,USD,45341.36884,jackets,MAN,2024-09-18,176798
111521,"Front of Store",Yes,Clothing,Yes,2553,Zara,https://www.zara.com/us/en/washed-technical-jacket-p04695300.html,323672371-507-2,"WASHED TECHNICAL JACKET",99.9,USD,45341.36884,jackets,MAN,2025-05-06,255045
120228,End-cap,No,Clothing,No,2347,Zara,https://www.zara.com/us/en/100-feather-fill-puffer-jacket-p00155480.html,327116625-505-2,"100% FEATHER FILL PUFFER JACKET",89.9,USD,45341.36886,jackets,MAN,2025-04-21,210995
133078,Aisle,No,Clothing,Yes,2535,Zara,https://www.zara.com/us/en/padded-bomber-jacket-p03918400.html,311302424-409-2,"PADDED BOMBER JACKET",69.9,USD,45341.36886,jackets,MAN,2024-11-18,177196
137598,Aisle,No,Clothing,Yes,2839,Zara,https://www.zara.com/us/en/pocket-jacket-p04297266.html,329158644-605-2,"POCKET JACKET",139,USD,45341.36894,jackets,MAN,2025-04-12,394621
138779,"Front of Store",Yes,Clothing,Yes,2801,Zara,https://www.zara.com/us/en/slim-fit-suit-jacket-p04239493.html,329300083-705-48,"SLIM FIT SUIT JACKET",139,USD,45341.36894,jackets,MAN,2024-08-21,389339
198329,"Front of Store",Yes,Clothing,Yes,628,Zara,https://www.zara.com/us/en/mixed-collar-jacket-p03046507.html,323212374-510-2,"MIXED COLLAR JACKET",109,USD,45341.36895,jackets,MAN,2024-08-15,68452
110295,End-cap,Yes,Clothing,No,1448,Zara,https://www.zara.com/us/en/hooded-denim-jacket-p01538428.html,322547863-811-2,"HOODED DENIM JACKET",129,USD,45341.36895,jackets,MAN,2024-09-04,186792
196427,Aisle,Yes,Clothing,No,1401,Zara,https://www.zara.com/us/en/waxed-effect-plaid-jacket-p04272302.html,320600266-745-2,"WAXED EFFECT PLAID JACKET",169,USD,45341.36896,jackets,MAN,2025-02-20,236769
110075,"Front of Store",Yes,Clothing,Yes,2185,Zara,https://www.zara.com/us/en/wool-blend-felt-texture-jacket-p04160752.html,320771732-800-2,"WOOL BLEND FELT TEXTURE JACKET",159,USD,45341.36896,jackets,MAN,2025-05-22,347415
132322,"Front of Store",Yes,Clothing,No,2135,Zara,https://www.zara.com/us/en/printed-denim-overshirt-p02553808.html,289179723-020-2,"PRINTED DENIM OVERSHIRT",12.99,USD,45341.3691,jackets,MAN,2025-03-15,27734
199631,"Front of Store",Yes,Clothing,No,1269,Zara,https://www.zara.com/us/en/structured-twill-overshirt-p06861430.html,327747299-800-2,"STRUCTURED TWILL OVERSHIRT",89.9,USD,45341.36912,jackets,MAN,2025-03-01,114083
182306,"Front of Store",No,Clothing,No,2805,Zara,https://www.zara.com/us/en/cotton-overshirt-p09621103.html,317782501-701-2,"COTTON OVERSHIRT",89.9,USD,45341.36912,jackets,MAN,2024-12-19,252170
194915,Aisle,Yes,Clothing,No,1796,Zara,https://www.zara.com/us/en/reversible-plaid-overshirt-p09621301.html,311282298-099-2,"REVERSIBLE PLAID OVERSHIRT",79.9,USD,45341.36913,jackets,MAN,2025-05-23,143500
131298,End-cap,Yes,Clothing,No,2133,Zara,https://www.zara.com/us/en/plaid-overshirt-p01300100.html,322612356-505-2,"PLAID OVERSHIRT",69.9,USD,45341.36913,jackets,MAN,2025-04-13,149097
168571,Aisle,No,Clothing,No,1778,Zara,https://www.zara.com/us/en/pocket-overshirt-p00706621.html,311282631-712-2,"POCKET OVERSHIRT",89.9,USD,45341.36914,jackets,MAN,2024-07-25,159842
154224,End-cap,Yes,Clothing,No,2474,Zara,https://www.zara.com/us/en/100-linen-overshirt-p04224708.html,329282612-401-2,"100% LINEN OVERSHIRT",89.9,USD,45341.36914,jackets,MAN,2024-11-10,222413
171061,Aisle,No,Clothing,Yes,2032,Zara,https://www.zara.com/us/en/plaid-overshirt-p08281303.html,320026789-714-2,"PLAID OVERSHIRT",59.9,USD,45341.36915,jackets,MAN,2024-11-19,121717
119049,Aisle,No,Clothing,Yes,1659,Zara,https://www.zara.com/us/en/pocket-denim-overshirt-p01472403.html,323216360-406-2,"POCKET DENIM OVERSHIRT",89.9,USD,45341.36916,jackets,MAN,2025-03-08,149144
158781,End-cap,Yes,Clothing,Yes,2443,Zara,https://www.zara.com/us/en/faux-suede-overshirt-p03715303.html,318209963-800-2,"FAUX SUEDE OVERSHIRT",69.9,USD,45341.36917,jackets,MAN,2024-07-11,170766
151438,Aisle,No,Clothing,Yes,1137,Zara,https://www.zara.com/us/en/plaid-overshirt-p00794432.html,316727555-700-2,"PLAID OVERSHIRT",69.9,USD,45341.36917,jackets,MAN,2024-09-07,79476
152871,End-cap,No,Clothing,Yes,1847,Zara,https://www.zara.com/us/en/textured-pocket-overshirt-p01934436.html,312571093-710-2,"TEXTURED POCKET OVERSHIRT",69.9,USD,45341.36918,jackets,MAN,2024-08-27,129105
126806,End-cap,Yes,Clothing,Yes,2404,Zara,https://www.zara.com/us/en/pocket-overshirt-p04466468.html,330290387-401-2,"POCKET OVERSHIRT",109,USD,45341.36918,jackets,MAN,2024-10-27,262036
134104,End-cap,No,Clothing,Yes,1466,Zara,https://www.zara.com/us/en/overshirt-p00706623.html,313027279-800-2,OVERSHIRT,59.9,USD,45341.36919,jackets,MAN,2025-04-23,87813
120266,"Front of Store",No,Clothing,No,2328,Zara,https://www.zara.com/us/en/plaid-overshirt-p04266381.html,320671529-802-2,"PLAID OVERSHIRT",59.9,USD,45341.36919,jackets,MAN,2024-12-24,139447
173550,End-cap,No,Clothing,Yes,1431,Zara,https://www.zara.com/us/en/pocket-overshirt-p05070314.html,323646471-802-2,"POCKET OVERSHIRT",59.9,USD,45341.3692,jackets,MAN,2024-10-30,85717
175927,End-cap,No,Clothing,Yes,1506,Zara,https://www.zara.com/us/en/zippered-wool-blend-overshirt-p05854401.html,312978838-611-2,"ZIPPERED WOOL BLEND OVERSHIRT",109,USD,45341.3692,jackets,MAN,2024-10-27,164154
154278,End-cap,No,Clothing,Yes,2749,Zara,https://www.zara.com/us/en/geometric-jacquard-overshirt-p04196412.html,336446858-822-2,"GEOMETRIC JACQUARD OVERSHIRT",89.9,USD,45341.36921,jackets,MAN,2024-08-07,247135
183537,"Front of Store",Yes,Clothing,Yes,2434,Zara,https://www.zara.com/us/en/paint-print-overshirt-p05320305.html,281883711-071-2,"PAINT PRINT OVERSHIRT",19.99,USD,45341.36921,jackets,MAN,2024-07-04,48656
150424,"Front of Store",No,Clothing,Yes,2067,Zara,https://www.zara.com/us/en/padded-corduroy-overshirt-p01063400.html,313008692-514-2,"PADDED CORDUROY OVERSHIRT",79.9,USD,45341.36922,jackets,MAN,2025-06-06,165153
183825,Aisle,Yes,Clothing,Yes,2989,Zara,https://www.zara.com/us/en/plaid-tie-dye-overshirt-p01063313.html,281593208-015-2,"PLAID TIE DYE OVERSHIRT",19.99,USD,45341.36923,jackets,MAN,2024-09-22,59750
144012,"Front of Store",Yes,Clothing,No,743,Zara,https://www.zara.com/us/en/overshirt-with-contrasting-topstitching-p06917325.html,314937772-710-2,"OVERSHIRT WITH CONTRASTING TOPSTITCHING",59.9,USD,45341.36923,jackets,MAN,2024-07-05,44506
147051,"Front of Store",No,Clothing,No,2325,Zara,https://www.zara.com/us/en/quilted-structured-overshirt-p09621370.html,320278659-251-2,"QUILTED STRUCTURED OVERSHIRT",109,USD,45341.36924,jackets,MAN,2024-10-22,253425
185800,End-cap,No,Clothing,Yes,1841,Zara,https://www.zara.com/us/en/technical-overshirt-p05320500.html,321993245-500-2,"TECHNICAL OVERSHIRT",109,USD,45341.36924,jackets,MAN,2024-12-21,200669
197524,Aisle,Yes,Clothing,Yes,2231,Zara,https://www.zara.com/us/en/plaid-overshirt-p07446410.html,330590505-500-2,"PLAID OVERSHIRT",49.9,USD,45341.36925,jackets,MAN,2024-09-15,111327
148823,Aisle,No,Clothing,Yes,2211,Zara,https://www.zara.com/us/en/suede-fisherman-sandals-p12436320.html,320680326-107-39,"SUEDE FISHERMAN SANDALS",89.9,USD,45341.37533,shoes,MAN,2025-05-07,198769
114550,End-cap,No,Clothing,No,2114,Zara,https://www.zara.com/us/en/zipper-multipiece-sneakers-p12319220.html,311292244-800-39,"ZIPPER MULTIPIECE SNEAKERS",69.9,USD,45341.37534,shoes,MAN,2025-05-22,147769
125398,Aisle,Yes,Clothing,Yes,1350,Zara,https://www.zara.com/us/en/suede-laceless-sneakers-p12221320.html,311307610-400-39,"SUEDE LACELESS SNEAKERS",69.9,USD,45341.37535,shoes,MAN,2024-09-18,94365
123985,End-cap,No,Clothing,No,2240,Zara,https://www.zara.com/us/en/multicolor-sneakers-p12304320.html,311302877-203-39,"MULTICOLOR SNEAKERS",69.9,USD,45341.37536,shoes,MAN,2024-08-12,156576
186638,End-cap,Yes,Clothing,No,1296,Zara,https://www.zara.com/us/en/retro-running-sneakers-p12350320.html,311302598-500-39,"RETRO RUNNING SNEAKERS",59.9,USD,45341.37536,shoes,MAN,2024-08-21,77630
167281,End-cap,Yes,Clothing,Yes,892,Zara,https://www.zara.com/us/en/suede-high-tops-p12120320.html,311297328-800-39,"SUEDE HIGH-TOPS",59.9,USD,45341.37537,shoes,MAN,2025-04-16,53431
118578,End-cap,No,Clothing,Yes,1678,Zara,https://www.zara.com/us/en/suede-strap-sandals-p12707320.html,311302865-804-39,"SUEDE STRAP SANDALS",49.9,USD,45341.37538,shoes,MAN,2025-04-04,83732
174041,End-cap,No,Clothing,No,2016,Zara,https://www.zara.com/us/en/multipiece-sneakers-p12215320.html,311307489-203-39,"MULTIPIECE SNEAKERS",49.9,USD,45341.37539,shoes,MAN,2025-05-08,100598
127644,"Front of Store",No,Clothing,Yes,1498,Zara,https://www.zara.com/us/en/topstitch-sneakers-p12240320.html,311287075-120-39,"TOPSTITCH SNEAKERS",45.9,USD,45341.37539,shoes,MAN,2024-12-20,68758
132007,Aisle,No,Clothing,Yes,2491,Zara,https://www.zara.com/us/en/retro-sneakers-p12280220.html,276378605-515-39,"RETRO SNEAKERS",9.99,USD,45341.3754,shoes,MAN,2024-08-02,24885
147998,Aisle,No,Clothing,No,2556,Zara,https://www.zara.com/us/en/retro-high-top-sneakers-p12180220.html,277776476-700-39,"RETRO HIGH TOP SNEAKERS",9.99,USD,45341.37542,shoes,MAN,2024-08-23,25534
176666,Aisle,Yes,Clothing,No,2852,Zara,https://www.zara.com/us/en/multi-pieced-retro-sneakers-p12220320.html,313381662-202-39,"MULTI-PIECED RETRO SNEAKERS",45.9,USD,45341.37543,shoes,MAN,2024-10-22,130907
193686,Aisle,Yes,Clothing,No,1899,Zara,https://www.zara.com/us/en/tassel-leather-loafers-p12609320.html,311292343-700-39,"TASSEL LEATHER LOAFERS",99.9,USD,45341.37544,shoes,MAN,2025-06-21,189710
163610,"Front of Store",Yes,Clothing,No,2466,Zara,https://www.zara.com/us/en/moc-toe-suede-boots-p12015320.html,311309627-805-39,"MOC-TOE SUEDE BOOTS",89.9,USD,45341.37545,shoes,MAN,2024-09-20,221693
170364,Aisle,No,Clothing,No,818,Zara,https://www.zara.com/us/en/strap-sandals-p12765320.html,315851805-800-39,"STRAP SANDALS",45.9,USD,45341.37546,shoes,MAN,2024-09-15,37546
167599,Aisle,No,Clothing,No,1500,Zara,https://www.zara.com/us/en/suede-retro-sneakers-p12309320.html,311292644-400-39,"SUEDE RETRO SNEAKERS",59.9,USD,45341.37547,shoes,MAN,2025-05-27,89850
166421,End-cap,Yes,Clothing,No,2878,Zara,https://www.zara.com/us/en/hiking-boots-p12103320.html,311302552-800-39,"HIKING BOOTS",79.9,USD,45341.37548,shoes,MAN,2024-07-25,229952
129247,"Front of Store",Yes,Clothing,No,2386,Zara,https://www.zara.com/us/en/suede-sneakers-p12502320.html,311302532-102-39,"SUEDE SNEAKERS",69.9,USD,45341.37549,shoes,MAN,2024-07-11,166781
127314,End-cap,Yes,Clothing,Yes,2076,Zara,https://www.zara.com/us/en/faux-shearling-lined-suede-boots-p12050320.html,311287147-723-39,"FAUX SHEARLING LINED SUEDE BOOTS",99.9,USD,45341.3755,shoes,MAN,2024-08-04,207392
111979,"Front of Store",No,Clothing,No,2734,Zara,https://www.zara.com/us/en/chunky-sole-multipiece-sneakers-p12266220.html,311307332-202-39,"CHUNKY SNEAKERS",59.9,USD,45341.3755,shoes,MAN,2025-05-08,163767
120354,Aisle,Yes,Clothing,No,2836,Zara,https://www.zara.com/us/en/double-strap-suede-sandals-p12716320.html,311282293-131-39,"DOUBLE STRAP SUEDE SANDALS",59.9,USD,45341.37551,shoes,MAN,2024-07-21,169876
144848,"Front of Store",No,Clothing,No,2193,Zara,https://www.zara.com/us/en/chunky-sole-canvas-lace-up-boots-p12005320.html,311287149-800-39,"CHUNKY SOLE CANVAS LACE-UP BOOTS",89.9,USD,45341.37553,shoes,MAN,2024-09-10,197151
111957,Aisle,Yes,Clothing,No,2164,Zara,https://www.zara.com/us/en/suede-penny-loafers-p12644320.html,311307624-500-39,"SUEDE PENNY LOAFERS",89.9,USD,45341.37554,shoes,MAN,2024-09-29,194544
160763,"Front of Store",Yes,Clothing,Yes,991,Zara,https://www.zara.com/us/en/adherent-stripes-sneakers-p12269320.html,311282212-800-39,"ADHERENT STRIPES SNEAKERS",45.9,USD,45341.37555,shoes,MAN,2024-09-06,45487
168270,End-cap,Yes,Clothing,Yes,1525,Zara,https://www.zara.com/us/en/multipiece-sneakers-p12318220.html,311292281-203-39,"MULTIPIECE SNEAKERS",69.9,USD,45341.37555,shoes,MAN,2024-09-19,106598
195082,"Front of Store",No,Clothing,No,923,Zara,https://www.zara.com/us/en/chunky-sole-high-top-sneakers-p12104320.html,311302515-800-39,"CHUNKY SOLE HIGH TOP SNEAKERS",69.9,USD,45341.37556,shoes,MAN,2025-01-05,64518
110329,"Front of Store",No,Clothing,Yes,2397,Zara,https://www.zara.com/us/en/contrast-sole-leather-sneakers-p12510320.html,314937773-800-39,"CONTRAST SOLE LEATHER SNEAKERS",69.9,USD,45341.37557,shoes,MAN,2025-05-22,167550
147449,End-cap,No,Clothing,No,1191,Zara,https://www.zara.com/us/en/suede-running-sneakers-p12320320.html,316608794-802-39,"SUEDE RUNNING SNEAKERS",69.9,USD,45341.37557,shoes,MAN,2024-11-09,83251
193332,Aisle,Yes,Clothing,No,1237,Zara,https://www.zara.com/us/en/woven-leather-slides-p12708320.html,319205037-800-39,"WOVEN LEATHER SLIDES",49.9,USD,45341.37558,shoes,MAN,2025-05-09,61726
146804,Aisle,Yes,Clothing,No,1504,Zara,https://www.zara.com/us/en/suede-sneakers-p12216320.html,311307495-131-39,"SUEDE SNEAKERS",69.9,USD,45341.3756,shoes,MAN,2025-02-25,105130
188909,Aisle,Yes,Clothing,Yes,2863,Zara,https://www.zara.com/us/en/asymmetric-cropped-knit-sweater-p06771149.html,336449731-712-1,"ASYMMETRIC CROPPED KNIT SWEATER",39.9,USD,45341.38231,sweaters,WOMAN,2025-02-01,114234
165910,End-cap,Yes,Clothing,No,2760,Zara,https://www.zara.com/us/en/knit-sweater-with-pearls-p02142249.html,313890651-712-2,"KNIT SWEATER WITH PEARLS",69.9,USD,45341.38232,sweaters,WOMAN,2024-09-01,192924
136738,"Front of Store",No,Clothing,Yes,542,Zara,https://www.zara.com/us/en/high-collar-knit-sweater-p01509118.html,287414911-803-2,"HIGH COLLAR KNIT SWEATER",7.99,USD,45341.38233,sweaters,WOMAN,2025-03-13,4331
144497,End-cap,Yes,Clothing,Yes,1105,Zara,https://www.zara.com/us/en/striped-knit-sweater-p06427115.html,342171615-104-2,"STRIPED KNIT SWEATER",49.9,USD,45341.38234,sweaters,WOMAN,2025-02-21,55140
135036,End-cap,Yes,Clothing,No,1435,Zara,https://www.zara.com/us/en/cable-knit-metallic-sweater-p04369103.html,314152967-485-2,"CABLE KNIT METALLIC SWEATER",49.9,USD,45341.38234,sweaters,WOMAN,2024-09-01,71606
166331,Aisle,Yes,Clothing,Yes,2877,Zara,https://www.zara.com/us/en/asymmetrical-wool-and-silk-blend-sweater-p09598025.html,324186867-642-2,"ASYMMETRICAL WOOL AND SILK BLEND SWEATER",59.9,USD,45341.38235,sweaters,WOMAN,2025-01-14,172332
139789,Aisle,No,Clothing,Yes,1094,Zara,https://www.zara.com/us/en/wool-and-cashmere-blend-rib-sweater-p02893054.html,316900618-809-2,"WOOL AND CASHMERE BLEND RIB SWEATER",69.9,USD,45341.38236,sweaters,WOMAN,2025-04-06,76471
118569,Aisle,No,Clothing,Yes,994,Zara,https://www.zara.com/us/en/alpaca-and-wool-blend-tie-dye-knit-sweater-p02142220.html,313890645-330-2,"ALPACA AND WOOL BLEND TIE DYE KNIT SWEATER",49.9,USD,45341.38236,sweaters,WOMAN,2024-07-10,49601
155848,End-cap,Yes,Clothing,No,1942,Zara,https://www.zara.com/us/en/mock-neck-wool-and-silk-blend-knit-top-p09598125.html,324597432-800-2,"MOCK NECK WOOL AND SILK BLEND KNIT TOP",49.9,USD,45341.38237,sweaters,WOMAN,2024-12-12,96906
152563,"Front of Store",No,Clothing,Yes,2572,Zara,https://www.zara.com/us/en/cashmere-blend-knit-sweater-p02893169.html,313890686-731-2,"CASHMERE BLEND KNIT SWEATER",169,USD,45341.38238,sweaters,WOMAN,2024-09-09,434668
115153,Aisle,No,Clothing,No,1736,Zara,https://www.zara.com/us/en/alpaca-blend-open-knit-sweater-p05755132.html,313890650-712-2,"ALPACA BLEND OPEN KNIT SWEATER",79.9,USD,45341.38239,sweaters,WOMAN,2025-04-19,138706
125938,Aisle,Yes,Clothing,Yes,1204,Zara,https://www.zara.com/us/en/oversized-knit-sweater-p09598288.html,313890680-450-2,"OVERSIZED KNIT SWEATER",49.9,USD,45341.38239,sweaters,WOMAN,2025-01-18,60080
122809,End-cap,No,Clothing,Yes,1592,Zara,https://www.zara.com/us/en/wool-blend-knit-sweater-p02893159.html,344575855-982-2,"WOOL BLEND KNIT SWEATER",49.9,USD,45341.3824,sweaters,WOMAN,2025-02-15,79441
181502,"Front of Store",Yes,Clothing,No,2591,Zara,https://www.zara.com/us/en/soft-jewel-sweater-p02298153.html,323175653-803-2,"SOFT JEWEL SWEATER",39.9,USD,45341.38241,sweaters,WOMAN,2025-03-16,103381
182779,End-cap,Yes,Clothing,Yes,2097,Zara,https://www.zara.com/us/en/faux-fur-jewel-sweater-p07901339.html,324814227-400-2,"FAUX FUR JEWEL SWEATER",35.9,USD,45341.38242,sweaters,WOMAN,2025-02-02,75282
155674,"Front of Store",No,Clothing,No,897,Zara,https://www.zara.com/us/en/metal-bead-knit-sweater-p03920018.html,323218942-800-2,"METAL BEAD KNIT SWEATER",49.9,USD,45341.38242,sweaters,WOMAN,2024-06-29,44760
182866,Aisle,No,Clothing,Yes,1552,Zara,https://www.zara.com/us/en/knit-sweater-with-buttons-p08851131.html,313890656-800-2,"KNIT SWEATER WITH BUTTONS",39.9,USD,45341.38243,sweaters,WOMAN,2025-05-13,61925
148230,"Front of Store",Yes,Clothing,No,2494,Zara,https://www.zara.com/us/en/jewel-knit-sweater-p05755005.html,321480271-802-2,"JEWEL KNIT SWEATER",59.9,USD,45341.38244,sweaters,WOMAN,2024-09-12,149391
126979,"Front of Store",No,Clothing,No,2141,Zara,https://www.zara.com/us/en/knit-sweater-with-piping-p05536151.html,311297787-806-1,"KNIT SWEATER WITH PIPING",49.9,USD,45341.38245,sweaters,WOMAN,2024-09-11,106836
135521,End-cap,No,Clothing,Yes,2835,Zara,https://www.zara.com/us/en/fine-knit-crop-sweater-p09598029.html,322677494-446-1,"FINE KNIT CROP SWEATER",39.9,USD,45341.38245,sweaters,WOMAN,2024-12-09,113116
185809,End-cap,No,Clothing,No,622,Zara,https://www.zara.com/us/en/knit-sweater-with-rips-p00021110.html,313890688-330-1,"KNIT SWEATER WITH RIPS",49.9,USD,45341.38246,sweaters,WOMAN,2025-02-26,31038
171520,End-cap,Yes,Clothing,Yes,2901,Zara,https://www.zara.com/us/en/gathered-waist-knit-sweater-p05536012.html,322451460-800-1,"GATHERED WAIST KNIT SWEATER",47.9,USD,45341.38247,sweaters,WOMAN,2025-05-09,138958
122926,End-cap,No,Clothing,No,867,Zara,https://www.zara.com/us/en/knit-v-neck-sweater-p06771003.html,319465261-800-2,"KNIT V-NECK SWEATER",45.9,USD,45341.38247,sweaters,WOMAN,2024-12-30,39795
150953,"Front of Store",Yes,Clothing,Yes,2434,Zara,https://www.zara.com/us/en/basic-foil-knit-sweater-p00506101.html,317331009-312-2,"BASIC FOIL KNIT SWEATER",35.9,USD,45341.38248,sweaters,WOMAN,2025-01-07,87381
115873,End-cap,Yes,Clothing,Yes,2606,Zara,https://www.zara.com/us/en/contrast-topstitching-crop-knit-sweater-p09598003.html,311297400-803-1,"CONTRAST TOPSTITCHING CROP KNIT SWEATER",59.9,USD,45341.38248,sweaters,WOMAN,2024-11-12,156099
115581,Aisle,No,Clothing,Yes,2728,Zara,https://www.zara.com/us/en/striped-crop-knit-sweater-p06771158.html,336449779-104-1,"STRIPED CROP KNIT SWEATER",47.9,USD,45341.38249,sweaters,WOMAN,2025-02-27,130671
183634,"Front of Store",Yes,Clothing,Yes,2778,Zara,https://www.zara.com/us/en/basic-knit-sweater-p01509115.html,324593343-043-2,"BASIC KNIT SWEATER",27.9,USD,45341.3825,sweaters,WOMAN,2024-11-09,77506
122484,Aisle,Yes,Clothing,Yes,558,Zara,https://www.zara.com/us/en/v-neck-knit-sweater-p03519001.html,319473750-809-1,"V-NECK KNIT SWEATER",47.9,USD,45341.38251,sweaters,WOMAN,2025-03-12,26728
183574,Aisle,Yes,Clothing,Yes,1752,Zara,https://www.zara.com/us/en/foil-knit-crop-sweater-p06771001.html,331789902-808-1,"FOIL KNIT CROP SWEATER",47.9,USD,45341.38251,sweaters,WOMAN,2024-12-31,83921
185307,"Front of Store",No,Clothing,Yes,2743,Zara,https://www.zara.com/us/en/basic-100-wool-sweater-p02893106.html,300250126-401-2,"BASIC 100% WOOL SWEATER",7.99,USD,45341.38252,sweaters,WOMAN,2024-09-01,21917
118719,End-cap,No,Clothing,Yes,1669,Zara,https://www.zara.com/us/en/colorblock-knit-crop-sweater-p05536008.html,320052978-401-2,"COLORBLOCK KNIT CROP SWEATER",45.9,USD,45341.38253,sweaters,WOMAN,2025-01-06,76607
134788,"Front of Store",No,Clothing,No,2179,Zara,https://www.zara.com/us/en/fine-knit-sweater-p09598045.html,324722597-400-2,"FINE KNIT SWEATER",45.9,USD,45341.38254,sweaters,WOMAN,2025-01-18,100016
140142,"Front of Store",Yes,Clothing,No,606,Zara,https://www.zara.com/us/en/knit-open-back-pearly-sweater-p04331152.html,328207551-500-2,"KNIT OPEN BACK PEARLY SWEATER",49.9,USD,45341.38254,sweaters,WOMAN,2024-09-05,30239
153997,End-cap,No,Clothing,Yes,1608,Zara,https://www.zara.com/us/en/knit-pearl-sweater-p04331165.html,318131967-800-2,"KNIT PEARL SWEATER",45.9,USD,45341.38255,sweaters,WOMAN,2025-06-12,73807
123230,Aisle,No,Clothing,Yes,880,Zara,https://www.zara.com/us/en/striped-textured-overshirt-p04179056.html,324027512-064-2,"STRIPED TEXTURED OVERSHIRT",69.9,USD,45341.36908,jackets,MAN,2025-04-25,61512
154676,Aisle,No,Clothing,No,943,Zara,https://www.zara.com/us/en/fleece-overshirt-p01248320.html,311292623-712-97,"FLEECE OVERSHIRT",69.9,USD,45341.36909,jackets,MAN,2024-12-01,65916
152985,Aisle,Yes,Clothing,Yes,1049,Zara,https://www.zara.com/us/en/plaid-overshirt-p04054659.html,319162032-064-2,"PLAID OVERSHIRT",89.9,USD,45341.36909,jackets,MAN,2024-08-15,94305
175584,"Front of Store",No,Clothing,No,2084,Zara,https://www.zara.com/us/en/baggy-fit-jeans-limited-edition-p03991480.html,324908098-800-38,"BAGGY FIT JEANS LIMITED EDITION",69.9,USD,45341.37127,jeans,MAN,2024-08-13,145672
147491,End-cap,No,Clothing,No,1563,Zara,https://www.zara.com/us/en/baggy-belted-jeans-p04365401.html,326540983-802-36,"BAGGY BELTED JEANS",59.9,USD,45341.37128,jeans,MAN,2024-08-24,93624
198283,End-cap,Yes,Clothing,Yes,1558,Zara,https://www.zara.com/us/en/baggy-fit-jeans-p08062482.html,315836999-406-34,"BAGGY FIT JEANS",69.9,USD,45341.37128,jeans,MAN,2025-05-22,108904
141547,End-cap,No,Clothing,No,1426,Zara,https://www.zara.com/us/en/baggy-fit-jeans-p06688486.html,315738965-802-34,"BAGGY FIT JEANS",69.9,USD,45341.37129,jeans,MAN,2024-10-26,99677
156342,"Front of Store",Yes,Clothing,Yes,1466,Zara,https://www.zara.com/us/en/flared-fit-cargo-jeans-p06688411.html,311287318-400-38,"FLARED FIT CARGO JEANS",109,USD,45341.3713,jeans,MAN,2024-12-25,159794
186083,End-cap,No,Clothing,Yes,624,Zara,https://www.zara.com/us/en/pleated-wide-fit-jeans-p05862417.html,312393140-406-2,"PLEATED WIDE FIT JEANS",49.9,USD,45341.3713,jeans,MAN,2024-07-12,31138
171776,Aisle,Yes,Clothing,No,1685,Zara,https://www.zara.com/us/en/denim-shirt-p06085371.html,275600408-400-2,"DENIM SHIRT",12.99,USD,45341.37131,jeans,MAN,2024-07-16,21888
134429,Aisle,No,Clothing,No,2914,Zara,https://www.zara.com/us/en/ripped-straight-fit-jeans-p03991404.html,311303003-407-38,"RIPPED STRAIGHT FIT JEANS",69.9,USD,45341.37132,jeans,MAN,2024-12-14,203689
172816,Aisle,No,Clothing,Yes,1524,Zara,https://www.zara.com/us/en/textured-sweater-p02893403.html,311307250-710-3,"TEXTURED SWEATER",69.9,USD,45341.37135,sweaters,MAN,2024-07-24,106528
136272,End-cap,No,Clothing,Yes,2887,Zara,https://www.zara.com/us/en/purl-knit-sweater-p03332300.html,267195405-500-3,"PURL KNIT SWEATER",12.99,USD,45341.37136,sweaters,MAN,2024-07-21,37502
193227,End-cap,Yes,Clothing,Yes,1778,Zara,https://www.zara.com/us/en/braided-color-block-sweater-p03284412.html,317894313-707-3,"BRAIDED COLOR BLOCK SWEATER",69.9,USD,45341.37136,sweaters,MAN,2024-12-01,124282
165786,End-cap,No,Clothing,Yes,1278,Zara,https://www.zara.com/us/en/contrast-interior-sweater-p04696400.html,315075917-803-2,"CONTRAST INTERIOR SWEATER",59.9,USD,45341.37137,sweaters,MAN,2025-06-22,76552
174708,"Front of Store",No,Clothing,Yes,529,Zara,https://www.zara.com/us/en/abstract-jacquard-sweater-p03284407.html,317889153-700-3,"ABSTRACT JACQUARD SWEATER",59.9,USD,45341.37138,sweaters,MAN,2024-07-06,31687
142257,Aisle,Yes,Clothing,Yes,1180,Zara,https://www.zara.com/us/en/basic-slim-fit-t-shirt-p05584361.html,315241755-800-2,"BASIC SLIM FIT T-SHIRT",19.9,USD,45341.37252,t-shirts,MAN,2024-11-26,23482
126146,Aisle,No,Clothing,No,2759,Zara,https://www.zara.com/us/en/cropped-washed-t-shirt-p03665403.html,320326523-707-2,"CROPPED WASHED T-SHIRT",39.9,USD,45341.37253,t-shirts,MAN,2025-03-14,110084
129134,Aisle,No,Clothing,Yes,1831,Zara,https://www.zara.com/us/en/basic-heavyweight-t-shirt-p01887450.html,316715458-250-2,"BASIC HEAVYWEIGHT T-SHIRT",29.9,USD,45341.37254,t-shirts,MAN,2024-08-03,54747
129898,End-cap,No,Clothing,No,1866,Zara,https://www.zara.com/us/en/heart-print-t-shirt-p06224419.html,322677489-800-2,"HEART PRINT T-SHIRT",39.9,USD,45341.37255,t-shirts,MAN,2024-11-17,74453
189692,End-cap,Yes,Clothing,No,1553,Zara,https://www.zara.com/us/en/text-t-shirt-p00962458.html,330077856-251-2,"TEXT T-SHIRT",39.9,USD,45341.37255,t-shirts,MAN,2024-06-26,61965
154846,End-cap,Yes,Clothing,No,917,Zara,https://www.zara.com/us/en/printed-cropped-fit-shirt-limited-edition-p06224490.html,328232452-898-2,"PRINTED CROPPED FIT SHIRT LIMITED EDITION",39.9,USD,45341.37256,t-shirts,MAN,2024-10-23,36588
122307,End-cap,No,Clothing,No,702,Zara,https://www.zara.com/us/en/ribbed-knit-t-shirt-p03332431.html,317230892-251-3,"RIBBED KNIT T-SHIRT",49.9,USD,45341.37256,t-shirts,MAN,2025-01-05,35030
182099,Aisle,Yes,Clothing,No,1978,Zara,https://www.zara.com/us/en/oversize-fit-t-shirt-p04092405.html,330478123-712-2,"OVERSIZE FIT T-SHIRT",39.9,USD,45341.37257,t-shirts,MAN,2024-10-01,78922
159816,"Front of Store",No,Clothing,Yes,1961,Zara,https://www.zara.com/us/en/basic-medium-weight-t-shirt-p01887470.html,318255748-250-2,"BASIC MEDIUM WEIGHT T-SHIRT",27.9,USD,45341.37258,t-shirts,MAN,2025-06-23,54712
165326,Aisle,No,Clothing,No,1188,Zara,https://www.zara.com/us/en/structured-text-t-shirt-p00761434.html,319334069-712-2,"STRUCTURED TEXT T-SHIRT",45.9,USD,45341.37258,t-shirts,MAN,2024-07-18,54529
185154,Aisle,Yes,Clothing,No,996,Zara,https://www.zara.com/us/en/abstract-print-t-shirt-p06224403.html,311307261-712-2,"ABSTRACT PRINT T-SHIRT",39.9,USD,45341.37259,t-shirts,MAN,2024-11-26,39740
141330,Aisle,No,Clothing,Yes,1915,Zara,https://www.zara.com/us/en/raised-text-t-shirt-limited-edition-p00977490.html,323216369-922-2,"RAISED TEXT T-SHIRT LIMITED EDITION",39.9,USD,45341.3726,t-shirts,MAN,2024-10-05,76408
158958,End-cap,No,Clothing,No,903,Zara,https://www.zara.com/us/en/ribbed-knit-t-shirt-p04805409.html,320111404-428-2,"RIBBED KNIT T-SHIRT",45.9,USD,45341.37261,t-shirts,MAN,2024-12-06,41448
155010,Aisle,Yes,Clothing,Yes,729,Zara,https://www.zara.com/us/en/semi-sheer-knit-shirt-limited-edition-p04805424.html,328232445-800-2,"SEMI-SHEER KNIT SHIRT LIMITED EDITION",45.9,USD,45341.37261,t-shirts,MAN,2025-06-07,33461
135857,Aisle,No,Clothing,Yes,2045,Zara,https://www.zara.com/us/en/viscose-blend-knit-t-shirt-p00693401.html,311297550-251-2,"VISCOSE BLEND KNIT T-SHIRT",45.9,USD,45341.37262,t-shirts,MAN,2025-06-06,93866
147690,Aisle,Yes,Clothing,No,881,Zara,https://www.zara.com/us/en/striped-jacquard-t-shirt-p05372400.html,322909502-819-2,"STRIPED JACQUARD T-SHIRT",39.9,USD,45341.37262,t-shirts,MAN,2025-01-10,35152
130321,End-cap,Yes,Clothing,No,2093,Zara,https://www.zara.com/us/en/abstract-print-knit-t-shirt-p04805401.html,320071210-802-2,"ABSTRACT PRINT KNIT T-SHIRT",39.9,USD,45341.37263,t-shirts,MAN,2024-08-19,83511
196752,End-cap,No,Clothing,No,2227,Zara,https://www.zara.com/us/en/structured-text-t-shirt-p00761435.html,319334070-401-2,"STRUCTURED TEXT T-SHIRT",45.9,USD,45341.37264,t-shirts,MAN,2025-05-27,102219
181011,Aisle,Yes,Clothing,Yes,994,Zara,https://www.zara.com/us/en/alpaca-blend-open-knit-sweater-p05755132.html,322612356-505-2,"HERRINGBONE TEXTURED JACKET",89.9,USD,45341.38231,shoes,MAN,2024-10-11,89361
139967,End-cap,No,Clothing,No,2634,Zara,https://www.zara.com/us/en/oversized-knit-sweater-p09598288.html,311282631-712-2,"OVERSIZED CROPPED JACKET LIMITED EDITION",69.9,USD,45341.38232,t-shirts,MAN,2024-09-07,184117
162699,End-cap,No,Clothing,Yes,2732,Zara,https://www.zara.com/us/en/wool-blend-knit-sweater-p02893159.html,329282612-401-2,"LEATHER BIKER JACKET",89.9,USD,45341.38233,sweaters,MAN,2025-03-04,245607
119044,Aisle,No,Clothing,Yes,1140,Zara,https://www.zara.com/us/en/soft-jewel-sweater-p02298153.html,320026789-714-2,"CROPPED LEATHER JACKET",169,USD,45341.38234,sweaters,MAN,2025-04-28,192660
121348,End-cap,No,Clothing,Yes,1008,Zara,https://www.zara.com/us/en/faux-fur-jewel-sweater-p07901339.html,323216360-406-2,"FAUX LEATHER BOXY FIT JACKET",169,USD,45341.38234,t-shirts,MAN,2024-10-31,170352
163982,"Front of Store",No,Clothing,No,2685,Zara,https://www.zara.com/us/en/metal-bead-knit-sweater-p03920018.html,318209963-800-2,"FAUX LEATHER JACKET",69.9,USD,45341.38235,t-shirts,MAN,2025-04-07,187682
185774,End-cap,Yes,Clothing,Yes,1145,Zara,https://www.zara.com/us/en/knit-sweater-with-buttons-p08851131.html,316727555-700-2,"FAUX SUEDE BOMBER JACKET",19.99,USD,45341.38236,t-shirts,MAN,2024-11-14,22889
144651,Aisle,Yes,Clothing,No,1791,Zara,https://www.zara.com/us/en/jewel-knit-sweater-p05755005.html,312571093-710-2,"DENIM BOMBER JACKET",139,USD,45341.38236,t-shirts,MAN,2024-07-10,248949
195103,Aisle,Yes,Clothing,No,2849,Zara,https://www.zara.com/us/en/knit-sweater-with-piping-p05536151.html,330290387-401-2,"BOUCLÃƒâ€° TEXTURED JACKET",109,USD,45341.38237,t-shirts,MAN,2025-06-10,310541
123047,Aisle,No,Clothing,Yes,2985,Zara,https://www.zara.com/us/en/fine-knit-crop-sweater-p09598029.html,313027279-800-2,"SUIT JACKET IN 100% LINEN",109,USD,45341.38238,t-shirts,MAN,2024-11-19,325365
123077,"Front of Store",No,Clothing,No,1603,Zara,https://www.zara.com/us/en/knit-sweater-with-rips-p00021110.html,320671529-802-2,"JACQUARD DENIM JACKET",109,USD,45341.38239,t-shirts,MAN,2025-01-19,174727
171860,Aisle,Yes,Clothing,No,707,Zara,https://www.zara.com/us/en/gathered-waist-knit-sweater-p05536012.html,323646471-802-2,"PADDED DENIM JACKET",109,USD,45341.38239,t-shirts,MAN,2024-10-28,77063
149487,Aisle,No,Clothing,Yes,1258,Zara,https://www.zara.com/us/en/knit-v-neck-sweater-p06771003.html,312978838-611-2,"LEATHER JACKET",99.9,USD,45341.3824,t-shirts,MAN,2024-07-31,125674
168516,"Front of Store",Yes,Clothing,No,2168,Zara,https://www.zara.com/us/en/basic-foil-knit-sweater-p00506101.html,336446858-822-2,"LIGHTWEIGHT BOMBER JACKET",89.9,USD,45341.38241,t-shirts,MAN,2024-12-27,194903
177771,End-cap,Yes,Clothing,Yes,1764,Zara,https://www.zara.com/us/en/contrast-topstitching-crop-knit-sweater-p09598003.html,281883711-071-2,"SUIT JACKET",69.9,USD,45341.38242,t-shirts,MAN,2025-03-16,123304
172015,End-cap,Yes,Clothing,Yes,2622,Zara,https://www.zara.com/us/en/striped-crop-knit-sweater-p06771158.html,313008692-514-2,"FAUX LEATHER BOMBER JACKET",139,USD,45341.38242,t-shirts,MAN,2024-08-15,364458
118985,Aisle,No,Clothing,Yes,694,Zara,https://www.zara.com/us/en/basic-knit-sweater-p01509115.html,281593208-015-2,"PATCH BOMBER JACKET",139,USD,45341.38243,t-shirts,MAN,2024-11-14,96466
112194,Aisle,Yes,Clothing,Yes,2187,Zara,https://www.zara.com/us/en/v-neck-knit-sweater-p03519001.html,314937772-710-2,"STRETCH POCKET OVERSHIRT",109,USD,45341.38244,jackets,MAN,2025-04-26,238383
113435,Aisle,No,Clothing,Yes,2973,Zara,https://www.zara.com/us/en/foil-knit-crop-sweater-p06771001.html,320278659-251-2,"RIB COLLAR JACKET",129,USD,45341.38245,jackets,MAN,2024-10-03,383517
159182,"Front of Store",Yes,Clothing,No,1014,Zara,https://www.zara.com/us/en/basic-100-wool-sweater-p02893106.html,321993245-500-2,"FAUX LEATHER OVERSIZED JACKET LIMITED EDITION",169,USD,45341.38245,jackets,MAN,2024-08-11,171366
199233,Aisle,Yes,Clothing,No,2222,Zara,https://www.zara.com/us/en/colorblock-knit-crop-sweater-p05536008.html,330590505-500-2,"CONTRASTING PATCHES BOMBER JACKET",159,USD,45341.38246,jackets,MAN,2025-01-30,353298
137044,Aisle,No,Clothing,Yes,2534,Zara,https://www.zara.com/us/en/hooded-technical-jacket-p01538301.html,320680326-107-39,"PATCH BOMBER JACKET",12.99,USD,45341.38247,jackets,MAN,2025-04-30,32917
154736,"Front of Store",Yes,Clothing,Yes,1466,Zara,https://www.zara.com/us/en/houndstooth-suit-jacket-p04285498.html,311292244-800-39,"CROPPED BOMBER JACKET LIMITED EDITION",19.9,USD,45341.38247,jackets,MAN,2025-05-22,29173
141434,"Front of Store",No,Clothing,Yes,2870,Zara,https://www.zara.com/us/en/bomber-jacket-p05344402.html,311307610-400-39,"FAUX LEATHER PUFFER JACKET",39.9,USD,45341.38231,jackets,MAN,2024-10-16,114513
